creation_source,adoption_rate,adopted_users,users
SIGNUP_GOOGLE_AUTH,0.16750902527075812,232,1385
GUEST_INVITE,0.1664355062413315,360,2163
SIGNUP,0.1403929084810733,293,2087
ORG_INVITE,0.12999529854254818,553,4254
PERSONAL_PROJECTS,0.07768829938417811,164,2111
