org_size_quintile,adoption_rate,adopted_users,users
"(1.999, 19.0]",0.16825639069057613,441,2621
"(19.0, 25.0]",0.13871817383669885,316,2278
"(25.0, 38.0]",0.14725738396624471,349,2370
"(38.0, 64.0]",0.12452025586353944,292,2345
"(64.0, 319.0]",0.08549874266554904,204,2386
